Status,Tier,Platform,URL,DA,Type,Date Submitted,Date Approved,Profile URL,Username,Password,Notes
TODO,Tier 1,Made-in-China,https://www.made-in-china.com/joinfree/,70+,B2B,,,,,,Need: business license + 5+ factory photos + ID
TODO,Tier 1,Global Sources,https://www.globalsources.com/register/,75+,B2B,,,,,,Free tier limited (10 products). Consider Gold later.
TODO,Tier 1,ThomasNet,https://www.thomasnet.com/supplier/101/company-profile.html,80+,B2B,,,,,,Top US industrial directory. 1-2 weeks approval.
TODO,Tier 1,Kompass,https://www.kompass.com/register/,70+,B2B,,,,,,Strong in Europe. Auto-approval.
TODO,Tier 1,EC21,https://www.ec21.com/Register.do,60+,B2B,,,,,,Korean-based. Global reach. Instant.
TODO,Tier 1,ExportHub,https://www.exporthub.com/join-us/,50+,B2B,,,,,,Lower DA but quick.
TODO,Tier 1,HKTDC,https://www.hktdc.com/en/supplier,70+,B2B,,,,,,HK gov. Strict. 1-2 weeks approval.
TODO,Tier 1,LinkedIn Company,https://www.linkedin.com/company/setup/new/,98,Social,,,,,,Need personal LinkedIn first.
TODO,Tier 1,Trustpilot,https://business.btrustpilot.com/,90+,Review,,,,,,Need domain verification (DNS).
TODO,Tier 1,Crunchbase,https://www.crunchbase.com/add-company,90+,Business,,,,,,1-3 days approval.
TODO,Tier 2,LinkedIn Personal,https://www.linkedin.com/,98,Social,,,,,,Use real name + photo.
TODO,Tier 2,YouTube,https://www.youtube.com/create-channel/,100,Video,,,,,,First 3 videos: factory tour, tufting craft, sample to ship.
TODO,Tier 2,Twitter/X,https://twitter.com/i/flow/signup,95,Social,,,,,,Handle: @cozyfootfactory.
TODO,Tier 2,TikTok Business,https://www.tiktok.com/business/en,100,Video,,,,,,Short factory videos.
TODO,Tier 2,Medium,https://medium.com/,95,Content,,,,,,Build publication "Cozy Foot Manufacturing Journal".
TODO,Tier 2,Reddit,https://www.reddit.com/register/,95,Social,,,,,,Join r/manufacturing, r/sourcing.
TODO,Tier 2,Quora,https://www.quora.com/,90+,Q&A,,,,,,Answer 5-10 sourcing/manufacturing questions.
TODO,Tier 2,About.me,https://about.me/,90+,Personal,,,,,,Personal landing page.
TODO,Tier 2,F6S,https://www.f6s.com/,60+,Community,,,,,,Quick company profile.
TODO,Tier 2,Substack,https://substack.com/,90+,Newsletter,,,,,,Optional - quarterly newsletter.
TODO,Tier 2,WeChat Official,https://mp.weixin.qq.com/,N/A,Social CN,,,,,,CN content. Add menu link to website.
TODO,Tier 2,企查查,https://www.qcc.com/,60+,CN Biz,,,,,,Claim company page.
TODO,Tier 3,PRLog,https://www.prlog.org/,70+,PR,,,,,,First PR: company intro.
TODO,Tier 3,openPR,https://www.openpr.com/,50+,PR,,,,,,Same PR content as PRLog.
TODO,Tier 3,24-7 Press Release,https://www.24-7pressrelease.com/,60+,PR,,,,,,Same PR.
TODO,Tier 3,IssueWire,https://www.issuewire.com/,50+,PR,,,,,,Paid but cheap distribution.
TODO,Tier 3,Reddit r/manufacturing,https://www.reddit.com/r/manufacturing/,95,Forum,,,,,,Participate, don't spam.
TODO,Tier 3,Reddit r/sourcing,https://www.reddit.com/r/sourcing/,90+,Forum,,,,,,Same.
TODO,Tier 3,Fibre2Fashion,https://www.fibre2fashion.com/,50+,Industry,,,,,,Textile industry portal.
TODO,Tier 3,Baidu Maps,https://map.baidu.com/,90+,Local CN,,,,,,Verify factory address.
TODO,Tier 3,Dianping,https://www.dianping.com/,90+,Local CN,,,,,,Only if you have showroom.
TODO,Tier 3,Sourcing Journal,https://sourcingjournal.com/,60+,Guest Post,,,,,,Pitch: "How to source chenille slippers from China"
TODO,Tier 3,Just-Style,https://www.just-style.com/,60+,Guest Post,,,,,,Same pitch.
TODO,Tier 3,Sourcing Magazine,https://www.sourcingmagazineonline.com/,40+,Guest Post,,,,,,Same pitch.
TODO,Tier 3,Footwear News,https://footwearnews.com/,80+,Guest Post,,,,,,Industry publication. Pitch: "China factory perspective".
TODO,Tier 3,知乎,https://www.zhihu.com/,90+,CN Q&A,,,,,,Answer questions about manufacturing.
TODO,Tier 3,X (Twitter) Spaces,https://twitter.com/home,95,Audio,,,,,,Optional - host weekly discussion.
TODO,Tier 3,LinkedIn Pulse,https://www.linkedin.com/pulse/,98,Content,,,,,,Post long-form articles on LinkedIn.
TODO,Tier 3,Substack,https://substack.com/,90+,Newsletter,,,,,,Quarterly updates.
