email,name,company,website,persona,whatsapp,source,notes,personalization
sales@countrylivingprimitives.com,Sales Team,Country Living Primitives,countrylivingprimitives.com,brand,484-388-1508,Official wholesale page + WebSearch,US wholesale supplier focused on colonial farmhouse primitive and rustic country decor with published sales email and phone.,Your colonial and farmhouse assortment has the rustic warmth that would suit custom chenille slippers as a seasonal gift and home-comfort item.
info@bosilunlife.com,Wholesale Team,BosilunLife,bosilunlife.com,brand,,Official distributor page + WebSearch,European eco-luxury home accessories brand actively seeking retailers distributors and wholesalers.,Your recycled-material eco-luxury positioning is a strong match for a coordinated sustainable slipper and home-accessory assortment.
info@behome.com,Wholesale Team,Be Home,behome.com,brand,+1 510 848 5060,Official B2B contact and FAQ pages + WebSearch,North American B2B supplier of ethically crafted handcrafted home goods with wholesale account support.,Your ethically crafted home-goods assortment and sustainable craftsmanship could extend naturally into premium chenille comfort accessories.
sales@ulsterlinen.com,Wholesale Team,Ulster Linen,ulsterlinen.com,brand,+1 631 859 5244,Official wholesale and sales pages + WebSearch,US wholesale linen supplier carrying Belgian Irish and European linen with dedicated trade pricing and sales contact.,Your wholesale European linen range creates a natural opportunity for coordinated chenille slippers in classic textile colors.
wholesale@tradesofhope.com,Wholesale Team,Trades of Hope,tradesofhope.com,brand,+1 386 263 8776,Official fair-trade wholesale page + WebSearch,US fair-trade home decor and gift program supporting women artisans with published wholesale email and phone.,Your fair-trade artisan mission aligns with a small-batch slipper program built around responsible materials and maker storytelling.
info@greengiving.eu,Sales Team,Greengiving,greengiving.eu,brand,+31 342 745 770,Official eco-gifts page + WebSearch,Netherlands-based eco-friendly business gifts specialist serving European customers with official email and phone.,Your European eco-gift distribution could make custom branded chenille slippers a practical premium welcome or corporate gift.
customercare@somethingdifferentwholesale.co.uk,Customer Care Team,Something Different Wholesale,somethingdifferentwholesale.com,brand,+44 1792 940288,Official wholesale technical file + WebSearch,UK wholesale giftware and homeware supplier with published customer-care email and phone.,Your broad wholesale giftware and homeware range could benefit from a cozy chenille slipper line for seasonal and boutique retail collections.
sales@shopmira.com,Sales Team,ShopMira,shopmira.com,brand,,Official wholesale ordering page + WebSearch,US wholesale marketplace requiring business details and publishing a dedicated sales email.,Your wholesale ordering model and curated gift assortment could support a compact custom slipper program for independent retailers.
info@envirotextiles.com,Wholesale Team,EnviroTextiles,envirotextiles.com,brand,,Official sustainable textile supplier result + WebSearch,Wholesale hemp and natural-fiber textile supplier serving customers in more than 70 countries.,Your global wholesale natural-fiber focus creates a credible route for developing chenille slippers with a clear sustainable-material story.
info@organicfabriccompany.com,Wholesale Team,Organic Fabric Company,organicfabriccompany.com,brand,,Official wholesale and contact pages + WebSearch,US supplier of organic fibers natural textiles and sustainable fabrics for mindful makers.,Your organic-fiber customer base could be a strong audience for a premium chenille slipper capsule using responsible materials and low-waste packaging.
